Customer ID,Full Name,Email Address,Phone,Country,Signup Date,Last Login,Balance (USD),Is Active,Age,Address
1001,  JUAN  Pérez ,JUAN.PEREZ@GMAIL.COM,+507 6123-4567,Panamá,2023-01-05,2024-02-10,"1,250.00",yes,34,"Calle 50, Ciudad de Panama"
1002,María José González,maria.gonzalez@gmial.com,6000 1111,panama,05/02/2023,2024-03-01,"2.500,50",Y,29,"Ave Balboa, Edif Torre"
1003,o'brien smith,obrien@hotmail.co,(507) 6222 3333,Rep. de Panamá,13/02/2023,2024/03/15,$980,true,41,"PH Ocean, Apto 12B"
1001,  JUAN  Pérez ,JUAN.PEREZ@GMAIL.COM,+507 6123-4567,Panamá,2023-01-05,2024-02-10,"1,250.00",yes,34,"Calle 50, Ciudad de Panama"
1004,Ana   Lopez,ana_lopezexample.com,507-6987-6543,Colombia,2023-03-20,2024-01-05,"3,000",no,55,"Cra 7 #45, Bogota"
1005,Carlos Ruiz,carlos.ruiz@yahoo.con,3105551234,colombia,20/03/2023,2024-01-06,"1.000",1,27,"Calle 100, Medellin"
1006,PEDRO martinez,pedro@outlook.com,+52 55 1234 5678,México,Jan 15 2023,2024-02-20,"12,340.75",si,38,"Reforma 100, CDMX"
1007,Lucía Fernández,lucia.fernandez@gmail.com,+506 8888 7777,Costa rica,2023-04-01,2024-03-30,500,TRUE,31,San Jose centro
1008,   ,,,,,,,,,
1009,Roberto Díaz,ROBERTO.DIAZ@GMAIL.CON,62001111,Panama,2023-05-11,2024-04-01,"9,999,999.00",yes,150,Via España 200
1010,sofia castro,sofia@company.com,+507 200-1234,Panamá,15-06-2023,2024-04-02,"-1,200.00",no,45,Calle Uruguay 12
1002,Maria Jose Gonzalez,maria.gonzalez@gmail.com,60001111,Panama,05/02/2023,2024-03-01,2500.50,Y,29,"Avenida Balboa, Edificio Torre"
1011,JOSÉ  ANTONIO   LÓPEZ,jose.lopez@gmail.com,507 6555 0000,panamá,2023-07-04,2024-05-01,"4,320.10",true,22,"Calle 12, Colon"
1012,Nicolás   O'Neil,nicolas.oneil@hotmial.com,+1 305 555 0199,USA,08/09/2023,2024-05-10,"7,800",0,63,"123 Main St, Miami"
1013,elena vargas,elena.vargas@gmail.com,6111 2222,Ecuador,2023-09-12,2024-06-01,"2,100.00",yes,19,"Av Amazonas, Quito"
1014,   ,,6333 4444,Panamá,2023-10-01,,,,,
1005,Carlos Ruiz,carlos.ruiz@yahoo.com,3105551234,Colombia,20/03/2023,2024-01-06,1000,1,27,"Calle 100, Medellin"
1015,Gabriela Mora,gabriela.mora@gmail.com,+507 6444-5555,Panamá,2023-11-15,2024-06-15,"3,650.25",si,200,"Costa del Este, PH Mirage"
1016,DANIEL  torres,daniel.torres@gmail.com,507-6-999-8888,Mexico,Feb 28 2023,2024-07-01,890,no,47,"Insurgentes 500, CDMX"
1017,Valentina Rojas,valentina.rojasgmail.com,6777 8888,Colombia,2023-12-01,2024-07-10,"5,000.00",true,33,"Calle 80, Cali"
